,card_number,expiration_month,expiration_year,cvv,card_type,name,email,address
,4132870318901948,07,2028,232,VISA/DEBIT/JP/JAPAN,Hashimoto Rin,rin.hashimoto@gmail.com,"Kanda Square 2F-11F, 2-2-1 Kanda Nishiki-cho, Chiyoda-ku, Tokyo 101-0054, Japan"
,4132870523181179,09,2028,416,VISA/DEBIT/JP/JAPAN,Abe Hikari,hikari.abe@yahoo.co.jp,"Shibuya Scramble Square 39F, 2-24-12 Shibuya, Shibuya-ku, Tokyo 150-6139, Japan"
,4132870418774435,07,2028,329,VISA/DEBIT/JP/JAPAN,Mori Ren,ren.mori@outlook.com,"Yokohama Sky Building 20F, 2-19-12 Takashima, Nishi-ku, Yokohama, Kanagawa 220-0011, Japan"
,4132870510934200,07,2028,858,VISA/DEBIT/JP/JAPAN,Okamoto Sakura,sakura.okamoto@gmail.com,"Shinjuku Park Tower 30F, 3-7-1 Nishi-Shinjuku, Shinjuku-ku, Tokyo 163-1030, Japan"
,4132870835455212,10,2028,795,VISA/DEBIT/JP/JAPAN,Hayashi Yui,yui.hayashi@yahoo.co.jp,"Yokohama Minatomirai 3F, 3-7-1 Minatomirai, Nishi-ku, Yokohama, Kanagawa 220-0012, Japan"
,4132870406208701,07,2028,305,VISA/DEBIT/JP/JAPAN,Inoue Daiki,daiki.inoue@outlook.com,"Kanda Square 2F-11F, 2-2-1 Kanda Nishiki-cho, Chiyoda-ku, Tokyo 101-0054, Japan"
,4132870613521532,07,2028,839,VISA/DEBIT/JP/JAPAN,Kato Asuka,asuka.kato@gmail.com,"Shibuya Scramble Square 39F, 2-24-12 Shibuya, Shibuya-ku, Tokyo 150-6139, Japan"
,4132870907004476,08,2028,615,VISA/DEBIT/JP/JAPAN,Yoshida Kenta,kenta.yoshida@yahoo.co.jp,"Yokohama Sky Building 20F, 2-19-12 Takashima, Nishi-ku, Yokohama, Kanagawa 220-0011, Japan"
,4132870833422941,11,2027,477,VISA/DEBIT/JP/JAPAN,Yamada Nanami,nanami.yamada@outlook.com,"Shinjuku Park Tower 30F, 3-7-1 Nishi-Shinjuku, Shinjuku-ku, Tokyo 163-1030, Japan"
,4132870304635195,05,2028,664,VISA/DEBIT/JP/JAPAN,Sasaki Ryo,ryo.sasaki@gmail.com,"Yokohama Minatomirai 3F, 3-7-1 Minatomirai, Nishi-ku, Yokohama, Kanagawa 220-0012, Japan"
,4132870708644363,11,2027,709,VISA/DEBIT/JP/JAPAN,Yamaguchi Miku,miku.yamaguchi@yahoo.co.jp,"Kanda Square 2F-11F, 2-2-1 Kanda Nishiki-cho, Chiyoda-ku, Tokyo 101-0054, Japan"
,4132870616569611,06,2028,528,VISA/DEBIT/JP/JAPAN,Matsumoto Ayaka,ayaka.matsumoto@outlook.com,"Shibuya Scramble Square 39F, 2-24-12 Shibuya, Shibuya-ku, Tokyo 150-6139, Japan"
,4132870417971222,08,2028,474,VISA/DEBIT/JP/JAPAN,Ueda Hikaru,hikaru.ueda@gmail.com,"Yokohama Sky Building 20F, 2-19-12 Takashima, Nishi-ku, Yokohama, Kanagawa 220-0011, Japan"
,4132870212033160,09,2028,246,VISA/DEBIT/JP/JAPAN,Fujimoto Tsubasa,tsubasa.fujimoto@yahoo.co.jp,"Shinjuku Park Tower 30F, 3-7-1 Nishi-Shinjuku, Shinjuku-ku, Tokyo 163-1030, Japan"
,4132870711464676,07,2028,872,VISA/DEBIT/JP/JAPAN,Nishimura Ema,ema.nishimura@outlook.com,"Yokohama Minatomirai 3F, 3-7-1 Minatomirai, Nishi-ku, Yokohama, Kanagawa 220-0012, Japan"
,4132870418262373,06,2028,367,VISA/DEBIT/JP/JAPAN,Ogawa Sota,sota.ogawa@gmail.com,"Kanda Square 2F-11F, 2-2-1 Kanda Nishiki-cho, Chiyoda-ku, Tokyo 101-0054, Japan"
,4132870845819076,05,2028,590,VISA/DEBIT/JP/JAPAN,Morita Koharu,koharu.morita@yahoo.co.jp,"Shibuya Scramble Square 39F, 2-24-12 Shibuya, Shibuya-ku, Tokyo 150-6139, Japan"
,4132870302730618,07,2028,313,VISA/DEBIT/JP/JAPAN,Kaneko Shota,shota.kaneko@outlook.com,"Yokohama Sky Building 20F, 2-19-12 Takashima, Nishi-ku, Yokohama, Kanagawa 220-0011, Japan"
,4132870918913533,06,2028,386,VISA/DEBIT/JP/JAPAN,Goto Airi,airi.goto@gmail.com,"Shinjuku Park Tower 30F, 3-7-1 Nishi-Shinjuku, Shinjuku-ku, Tokyo 163-1030, Japan"
,4132870610440173,06,2028,955,VISA/DEBIT/JP/JAPAN,Hayashi Kana,kana.hayashi@yahoo.co.jp,"Yokohama Minatomirai 3F, 3-7-1 Minatomirai, Nishi-ku, Yokohama, Kanagawa 220-0012, Japan"
,4132870317649779,05,2028,173,VISA/DEBIT/JP/JAPAN,Endo Rina,rina.endo@outlook.com,"Kanda Square 2F-11F, 2-2-1 Kanda Nishiki-cho, Chiyoda-ku, Tokyo 101-0054, Japan"
,4132870627924359,07,2028,410,VISA/DEBIT/JP/JAPAN,Aoki Taiga,taiga.aoki@gmail.com,"Shibuya Scramble Square 39F, 2-24-12 Shibuya, Shibuya-ku, Tokyo 150-6139, Japan"
,4132870520155200,11,2027,447,VISA/DEBIT/JP/JAPAN,Nishida Itsuki,itsuki.nishida@outlook.com,"Shinjuku Park Tower 30F, 3-7-1 Nishi-Shinjuku, Shinjuku-ku, Tokyo 163-1030, Japan"
,4132870513979046,06,2028,990,VISA/DEBIT/JP/JAPAN,Kikuchi Yuna,yuna.kikuchi@gmail.com,"Yokohama Minatomirai 3F, 3-7-1 Minatomirai, Nishi-ku, Yokohama, Kanagawa 220-0012, Japan"
,4132870712965788,06,2028,777,VISA/DEBIT/JP/JAPAN,Nakano Haruka,haruka.nakano@yahoo.co.jp,"Kanda Square 2F-11F, 2-2-1 Kanda Nishiki-cho, Chiyoda-ku, Tokyo 101-0054, Japan"
,4132870527876378,08,2028,167,VISA/DEBIT/JP/JAPAN,Ota Kazuma,kazuma.ota@outlook.com,"Shibuya Scramble Square 39F, 2-24-12 Shibuya, Shibuya-ku, Tokyo 150-6139, Japan"
,4132870122586182,03,2027,944,VISA/DEBIT/JP/JAPAN,Hara Minami,minami.hara@gmail.com,"Yokohama Sky Building 20F, 2-19-12 Takashima, Nishi-ku, Yokohama, Kanagawa 220-0011, Japan"
,4132870832282981,03,2028,485,VISA/DEBIT/JP/JAPAN,Matsuda Kosei,kosei.matsuda@yahoo.co.jp,"Shinjuku Park Tower 30F, 3-7-1 Nishi-Shinjuku, Shinjuku-ku, Tokyo 163-1030, Japan"
,4132872208098819,03,2027,843,VISA/DEBIT/JP/JAPAN,Arai Saki,saki.arai@outlook.com,"Yokohama Minatomirai 3F, 3-7-1 Minatomirai, Nishi-ku, Yokohama, Kanagawa 220-0012, Japan"
,4132870624864046,10,2027,224,VISA/DEBIT/JP/JAPAN,Ono Hinata,hinata.ono@gmail.com,"Kanda Square 2F-11F, 2-2-1 Kanda Nishiki-cho, Chiyoda-ku, Tokyo 101-0054, Japan"
,4132870512638270,10,2028,805,VISA/DEBIT/JP/JAPAN,Takeuchi Yuka,yuka.takeuchi@yahoo.co.jp,"Shibuya Scramble Square 39F, 2-24-12 Shibuya, Shibuya-ku, Tokyo 150-6139, Japan"
,4132870413000232,06,2028,964,VISA/DEBIT/JP/JAPAN,Tamura Sho,sho.tamura@outlook.com,"Yokohama Sky Building 20F, 2-19-12 Takashima, Nishi-ku, Yokohama, Kanagawa 220-0011, Japan"